0	
1	[UNK]
2	course
3	the
4	and
5	in
6	for
7	this
8	class
9	will
10	be
11	been
12	notice
13	update
14	posted
15	classroom
16	from
17	submit
18	subject
19	classroomgooglecom
20	has
21	is
22	work
23	lab
24	assignment
25	your
26	review
27	programming
28	everyone
29	submission
30	check
31	complete
32	students
33	questions
34	instructions
35	all
36	notes
37	project
38	to
39	please
40	upload
41	design
42	file
43	record
44	next
45	not
46	late
47	accepted
48	on
49	chapter
50	of
51	prepare
52	submissions
53	kindly
54	enrolled
55	carefully
56	due
57	urgent
58	short
59	act
60	accordingly
61	hi
62	uploaded
63	java
64	with
65	announcement
66	systems
67	it
68	shared
69	faculty
70	data
71	algorithms
72	returned
73	computer
74	tutorial
75	assigned
76	problems
77	practice
78	study
79	case
80	worksheet
81	report
82	module
83	sheet
84	presentation
85	updated
86	pm
87	have
88	evaluation
89	must
90	link
91	week
92	post
93	kar
94	no
95	test
96	internal
97	when
98	marks
99	task
100	resource
101	material
102	general
103	new
104	do
105	feedback
106	c
107	economics
108	information
109	important
110	given
111	python
112	related
113	conducted
114	revise
115	algebra
116	available
117	organization
118	a
119	management
120	google
121	turn
122	answers
123	software
124	engineering
125	reference
126	using
127	machine
128	learning
129	se
130	number
131	1159
132	languages
133	formal
134	automata
135	security
136	cyber
137	structures
138	architecture
139	intelligence
140	artificial
141	mathematics
142	discrete
143	before
144	logic
145	digital
146	computing
147	cloud
148	compiler
149	linear
150	engineers
151	science
152	environmental
153	mining
154	statistics
155	probability
156	operating
157	analysis
158	oriented
159	object
160	database
161	professional
162	communication
163	exam
164	networks
165	at
166	web
167	technology
168	mobile
169	development
170	application
171	things
172	internet
173	deadline
174	excuses
175	am
176	regards
177	by
178	instruction
179	needful
180	2026
181	solve
182	asked
183	dhyan
184	dekhna
185	lena
186	kripya
187	ready
188	keep
189	checking
190	quiztest
191	exercise
192	bring
193	sab
194	dena
195	applies
196	reviewed
197	comments
198	seating
199	representative
200	regarding
201	coordinate
202	arrangements
203	screenshots
204	practical
205	recent
206	miscellaneous
207	vivapractical
208	include
209	coursework
210	today’s
211	meeting
212	cancelled
213	should
214	document
215	completed
216	venue
217	changed
218	slides
219	now
220	are
221	9
222	pdf
223	online
224	upcoming
225	discussed
226	attendance
227	provided
228	share
229	further
230	preparation
231	midsem
232	examples
233	use
234	topic
235	timetable
236	needed
237	folder
238	quiz
239	graded
240	submitted
241	properly
242	meet
243	join
244	tomorrows
245	room
246	during
247	checked
248	schedule
249	roll
250	name
251	required
252	change
253	aware
254	date
255	later
256	informed
257	details
258	portal
259	more
260	note
261	keeping
262	follow
263	2027
264	friday
265	evening
266	today
267	gcr
268	assignmnt
269	tomorrow
270	pls
271	asignment
272	submision
273	submisson
274	addressing
275	memory
276	1000
277	september
278	1200
279	october
280	ai
281	july
282	os
283	cs
284	uploded
285	cc
286	ps
287	dm
288	oopj
289	august
290	soon
291	wt
292	confirmed
293	mad
294	cd
295	cn
296	submissons
297	dmin
298	la
299	pc
300	evs
301	fla
302	dsa
303	coa
304	dbms
305	ml
306	iot
307	dld
308	daa
309	500
310	submisions
311	230
312	630
313	900
314	announcemnt
315	inheritance
316	cache
317	transactions
318	ip
319	semaphores
320	pipelining
321	modes
322	multithreading
323	jdbc
324	collections
325	deadlock
326	routing
327	er
328	diagram
329	synchronization
330	scheduling
331	process
332	tcp
333	relational
334	congestion
335	cycle
336	normalization
337	cpi
338	handling
339	exception
340	sql
341	socket
342	queries
343	interfaces
344	osi
345	model
346	indexing
347	dns
348	stack
349	january
350	dec
351	mar
352	oct
353	nov
354	december
355	jan
356	november
357	jul
358	sep
359	line
360	dead
361	february
362	aug
363	27
364	feb
365	19
366	march
367	14
368	26
369	22
370	18
371	16
372	11
373	23
374	12
375	29
376	24
377	28
378	15
379	25
380	17
381	13
382	10
383	21
384	2359
385	20
386	0900
387	30
388	1700
389	1430
390	5
391	1830
392	4
393	6
394	03
395	7
396	1
397	05
398	tommorows
399	31
400	tommorow
401	3
402	02
403	8
404	2
405	08
406	07
407	06
408	01
409	04
410	09
411	apr
412	april